round,acc,t_round_s,n_malicious,excluded_malicious,excluded_honest,n_dirty,n_flagged,dirty_flagged,susp_mal,susp_hon
0,0.1,29.929390799996327,3,0,0,3,3,0,0.0,0.333
1,0.1685,29.196682799985865,3,0,0,3,3,0,0.0,0.333
2,0.2271,28.22827910000342,3,0,0,3,3,2,0.222,0.309
3,0.247,29.043548999994528,3,0,0,3,3,1,0.25,0.306
4,0.2976,29.959914299994125,3,0,0,3,3,2,0.333,0.296
5,0.2974,30.211495800002012,3,0,0,3,3,2,0.389,0.29
6,0.3681,28.9123311000003,3,0,0,3,3,2,0.429,0.286
7,0.3768,29.02587990000029,3,0,0,3,2,1,0.417,0.273
8,0.3897,28.73511999999755,3,0,0,3,4,2,0.444,0.284
9,0.4164,28.329644099998404,3,0,0,3,5,2,0.467,0.304
10,0.3909,28.34874739999941,3,0,0,3,6,2,0.485,0.33
11,0.4234,30.663404700011597,3,0,0,3,5,2,0.5,0.343
12,0.4335,34.01016459999664,3,0,0,3,3,2,0.513,0.336
13,0.4119,30.003877700000885,3,0,0,3,7,2,0.524,0.362
14,0.4447,30.63943689998996,3,0,0,3,4,2,0.533,0.363
15,0.4561,30.581669399995008,3,0,0,3,3,2,0.542,0.356
16,0.4694,29.776863500010222,3,0,0,2,2,2,0.569,0.342
17,0.472,28.899852000002284,3,0,0,3,5,3,0.593,0.348
18,0.4828,29.173596699998598,3,0,0,3,5,2,0.596,0.355
19,0.482,29.846106199998758,3,0,0,3,7,3,0.617,0.37
20,0.4545,29.439643000005162,3,0,0,2,6,2,0.635,0.379
21,0.5038,29.429193200005102,3,0,0,3,4,2,0.636,0.379
22,0.4865,34.156968700001016,3,0,0,3,3,2,0.638,0.374
23,0.4909,33.11733280000044,3,0,0,3,4,1,0.625,0.375
24,0.5236,32.14050049999787,3,0,0,2,4,2,0.64,0.373
25,0.4841,32.8532317999925,3,0,0,3,6,2,0.641,0.382
26,0.5219,30.422395899993717,3,0,0,3,3,2,0.642,0.377
27,0.5226,29.628303300007246,3,0,0,3,5,3,0.655,0.38
28,0.5227,31.44898889999604,3,0,0,3,7,3,0.667,0.39
29,0.5318,29.922733100000187,3,1,0,3,4,3,0.678,0.388
