round,acc,t_round_s,n_malicious
0,0.1389,26.32572710000386,3
1,0.1396,28.533509100001538,3
2,0.1731,30.106900500002666,3
3,0.2535,29.42699100000027,3
4,0.2777,31.091094600007636,3
5,0.2995,29.7336559999967,3
6,0.3261,29.935012699992512,3
7,0.3408,29.31810360000236,3
8,0.3461,29.221575199990184,3
9,0.3752,29.345494399996824,3
10,0.3918,29.269692699992447,3
11,0.4054,29.252214599997387,3
12,0.422,29.426288000002387,3
13,0.4165,29.744575200005784,3
14,0.4386,30.061470799992094,3
15,0.4427,29.937615300004836,3
16,0.4373,30.05919180001365,3
17,0.4606,30.34365379999508,3
18,0.4679,29.783422199994675,3
19,0.4653,29.60487720000674,3
20,0.4769,30.14470610000717,3
21,0.4664,30.428181499999482,3
22,0.4782,29.627209199999925,3
23,0.4922,29.819045500000357,3
24,0.4936,29.96322350000264,3
25,0.4994,30.422353300004033,3
26,0.5032,30.257552800001577,3
27,0.5074,30.128849400003674,3
28,0.518,30.37361000000965,3
29,0.5171,30.159766099997796,3
